week_id,PresenterChoice,n_raters,mean_score,std_score,min_score,max_score,mean_Q2_1,mean_Q2_2,mean_Q2_3,mean_Q3_1,mean_Q3_2,mean_Q3_3,mean_Q4
W03,Pascal	Suter,42,4.8,0.3131274189332592,4.0,5.0,4.761904761904762,4.809523809523809,4.690476190476191,4.809523809523809,4.785714285714286,4.904761904761905,4.809523809523809
W03,Dylan	Ashraf,43,4.755813953488372,0.37052236330001237,3.5000000000000004,5.0,4.883720930232558,4.558139534883721,4.744186046511628,4.813953488372093,4.674418604651163,4.906976744186046,4.744186046511628
W03,Sophie Jennifer	Sharp,43,4.751162790697674,0.38320210571002616,3.7,5.0,4.837209302325581,4.604651162790698,4.767441860465116,4.790697674418604,4.348837209302325,4.906976744186046,4.813953488372093
W03,Philip Alexander	Schnider,43,4.586046511627908,0.4642358777239357,3.4000000000000004,5.0,4.651162790697675,4.790697674418604,4.674418604651163,4.4186046511627906,4.674418604651163,4.4186046511627906,4.558139534883721
