week_id,PresenterChoice,n_raters,mean_score,std_score,min_score,max_score,mean_Q2_1,mean_Q2_2,mean_Q2_3,mean_Q3_1,mean_Q3_2,mean_Q3_3,mean_Q4
W05,Ella	Persson,42,4.8500000000000005,0.2821952273541553,4.0,5.0,4.880952380952381,4.880952380952381,4.809523809523809,4.809523809523809,4.761904761904762,4.833333333333333,4.880952380952381
W05,Steven Thomas	Uvakov,42,4.8500000000000005,0.27519394491353394,3.9000000000000004,5.0,4.904761904761905,4.857142857142857,4.857142857142857,4.904761904761905,4.595238095238095,4.857142857142857,4.880952380952381
W05,Alejandro	Caicedo Murgueitio,43,4.793023255813954,0.29309136300023886,3.9000000000000004,5.0,4.883720930232558,4.558139534883721,4.8604651162790695,4.930232558139535,4.8604651162790695,4.395348837209302,4.8604651162790695
W05,Elisa	Repele,43,4.6000000000000005,0.4380693574135969,3.7,5.0,4.674418604651163,4.767441860465116,4.604651162790698,4.72093023255814,4.348837209302325,4.558139534883721,4.5813953488372094
W05,Tobias Franz Joseph	Stampfli,41,4.595121951219513,0.5162127562895918,3.2,5.0,4.609756097560975,4.463414634146342,4.609756097560975,4.585365853658536,4.634146341463414,4.7073170731707314,4.585365853658536
W05,Carl William Lindström,42,4.557142857142857,0.5491202974260707,3.2,5.0,4.619047619047619,4.714285714285714,4.690476190476191,4.380952380952381,4.404761904761905,4.857142857142857,4.476190476190476
W05,Giacomo	Basile,42,4.557142857142857,0.4854682713717866,3.3000000000000003,5.0,4.571428571428571,4.714285714285714,4.5476190476190474,4.428571428571429,4.833333333333333,4.380952380952381,4.523809523809524
W05,Achille	Desbrières,42,4.4714285714285715,0.6001161327795643,2.8,5.0,4.5476190476190474,4.880952380952381,4.619047619047619,4.428571428571429,4.4523809523809526,4.357142857142857,4.357142857142857
