week_id,PresenterChoice,n_raters,mean_score,std_score,min_score,max_score,mean_Q2_1,mean_Q2_2,mean_Q2_3,mean_Q3_1,mean_Q3_2,mean_Q3_3,mean_Q4
W08,Robin	Zobrist,39,4.838461538461539,0.29612887007569494,3.8000000000000003,5.0,4.871794871794871,4.846153846153846,4.794871794871795,4.897435897435898,4.717948717948718,4.769230769230769,4.871794871794871
W08,Massimiliano Nascioli,1,4.800000000000001,,4.800000000000001,4.800000000000001,4.0,5.0,4.0,5.0,5.0,5.0,5.0
W08,Jacob Benjamin	Tissplat,38,4.726315789473684,0.38109671789796745,3.8000000000000003,5.0,4.7894736842105265,4.7894736842105265,4.684210526315789,4.7368421052631575,4.2105263157894735,4.7894736842105265,4.815789473684211
W08,Davide Pinna,40,4.665,0.5126852385686113,3.1000000000000005,5.0,4.725,4.7,4.55,4.65,4.75,4.775,4.625
W08,Thalia Nastassja	De Angelis,38,4.563157894736842,0.5725339846547427,3.2,5.0,4.5,4.7105263157894735,4.421052631578948,4.421052631578948,4.605263157894737,4.7631578947368425,4.552631578947368
W08,Ting	Liang,38,4.463157894736842,0.5252649538021219,3.4000000000000004,5.0,4.605263157894737,4.394736842105263,4.447368421052632,4.447368421052632,4.2631578947368425,4.578947368421052,4.473684210526316
