week_id,PresenterChoice,n_raters,mean_score,std_score,min_score,max_score,mean_Q2_1,mean_Q2_2,mean_Q2_3,mean_Q3_1,mean_Q3_2,mean_Q3_3,mean_Q4
W04,Simone	Martinecz,42,4.871428571428571,0.2462258672445859,4.0,5.0,4.904761904761905,4.9523809523809526,4.833333333333333,4.833333333333333,4.785714285714286,4.690476190476191,4.928571428571429
W04,Igor	Timotijevic,41,4.7073170731707314,0.34013985645792744,3.9000000000000004,5.0,4.7560975609756095,4.829268292682927,4.682926829268292,4.682926829268292,4.634146341463414,4.853658536585366,4.658536585365853
W04,Enxhi	Kodragjini,42,4.6761904761904765,0.4605455533781137,3.2,5.0,4.761904761904762,4.761904761904762,4.619047619047619,4.666666666666667,4.785714285714286,4.404761904761905,4.690476190476191
W04,Valentin	Python,41,4.6658536585365855,0.36783811391532084,3.9000000000000004,5.0,4.853658536585366,4.7317073170731705,4.658536585365853,4.658536585365853,4.634146341463414,4.487804878048781,4.658536585365853
